Jenis Komoditas,Berat (kg),Harga Jual (Rp),Lokasi,Waktu Panen
Kedelai,859,17299,Padang,2024-01-01
Gandum,1198,18993,Padang,2024-01-01
Jagung,878,15422,Bandung,2024-01-01
Padi,1072,11137,Cirebon,2024-01-01
Gandum,907,16516,Bandung,2024-01-01
Gandum,752,19289,Samarinda,2024-01-01
Kentang,1385,12766,Bogor,2024-01-01
Padi,987,10100,Serang,2024-01-01
Padi,1391,10911,Jambi,2024-01-01
Kedelai,789,12568,Denpasar,2024-01-01
Tebu,869,8317,Balikpapan,2024-01-01
Kedelai,923,14209,Denpasar,2024-01-01
Tebu,1359,6070,Batam,2024-01-01
Gandum,1216,18491,Bogor,2024-01-01
Tebu,1189,5155,Medan,2024-01-01
Kacang Tanah,1458,14586,Solo,2024-01-01
Ubi Jalar,790,12145,Yogyakarta,2024-01-01
Gandum,1173,15047,Aceh,2024-01-01
Kentang,1455,10767,Tangerang,2024-01-01
Padi,1410,12300,Lombok,2024-01-01
Kopi,986,36634,Kupang,2024-01-01
Jagung,858,15585,Batam,2024-01-01
Jagung,1448,12522,Denpasar,2024-01-01
Padi,1382,12612,Padang,2024-01-01
Tebu,707,8855,Palembang,2024-01-01
Tebu,1170,8711,Cirebon,2024-01-01
Jagung,1168,11610,Kupang,2024-01-01
Tebu,1122,8117,Pekanbaru,2024-01-01
Tebu,1381,8898,Padang,2024-01-01
Ubi Jalar,781,12720,Jambi,2024-01-01
Padi,777,13375,Bengkulu,2024-01-01
Kedelai,752,16549,Jayapura,2024-01-01
Padi,712,12408,Bogor,2024-01-01
Kopi,1131,61434,Lampung,2024-01-01
Kentang,1493,16273,Solo,2024-01-01
Tebu,1062,5573,Bengkulu,2024-01-01
Kedelai,909,16612,Tasikmalaya,2024-01-01
Gandum,1109,19031,Tangerang,2024-01-01
Kopi,1152,35043,Surabaya,2024-01-01
Kentang,809,14506,Tangerang,2024-01-01
Jagung,1481,15750,Semarang,2024-01-01
Tebu,1198,6943,Kupang,2024-01-01
Kacang Tanah,1279,17638,Pontianak,2024-01-01
Kedelai,728,15175,Cirebon,2024-01-01
Ubi Jalar,1271,9773,Surabaya,2024-01-01
Kopi,1208,53193,Serang,2024-01-01
Kopi,954,54595,Jakarta,2024-01-01
Kacang Tanah,1320,16970,Kupang,2024-01-01
Kentang,1042,14741,Lombok,2024-01-01
Kopi,888,67510,Yogyakarta,2024-01-01
Kentang,1109,15156,Malang,2024-01-01
Gandum,1213,16827,Tasikmalaya,2024-01-01
Jagung,1317,11928,Pekanbaru,2024-01-01
Kacang Tanah,1405,18176,Manado,2024-01-01
Kopi,803,60888,Madiun,2024-01-01
Gandum,1446,18889,Pekanbaru,2024-01-01
Kentang,1274,16499,Batam,2024-01-01
Jagung,1130,11966,Jayapura,2024-01-01
Kentang,1255,13156,Manado,2024-01-01
Padi,1148,9626,Bandung,2024-01-01
Tebu,700,5373,Yogyakarta,2024-01-01
Kentang,752,12377,Pekanbaru,2024-01-01
Ubi Jalar,1371,8100,Lombok,2024-01-01
Tebu,1154,6120,Bogor,2024-01-01
Padi,1285,13186,Denpasar,2024-01-01
Padi,1188,12088,Palangkaraya,2024-01-01
Kacang Tanah,1043,20872,Semarang,2024-01-01
Gandum,717,19532,Pontianak,2024-01-01
Padi,954,11055,Ambon,2024-01-01
Jagung,1176,13838,Surabaya,2024-01-01
Kedelai,1484,17740,Palangkaraya,2024-01-01
Gandum,770,19751,Jambi,2024-01-01
Gandum,882,18537,Tasikmalaya,2024-01-01
Ubi Jalar,1264,8929,Aceh,2024-01-01
Gandum,1390,15250,Surabaya,2024-01-01
Jagung,717,13121,Semarang,2024-01-01
Gandum,1292,15669,Palangkaraya,2024-01-01
Kopi,738,33198,Madiun,2024-01-01
Gandum,1208,16196,Ambon,2024-01-01
Kentang,1336,14425,Padang,2024-01-01
Tebu,1301,7648,Surabaya,2024-01-01
Kedelai,1175,14550,Pekanbaru,2024-01-01
Jagung,1257,15456,Pontianak,2024-01-01
Kentang,1425,12430,Samarinda,2024-01-01
Padi,1084,11780,Medan,2024-01-01
Jagung,1498,12769,Palembang,2024-01-01
Padi,823,10551,Bandung,2024-01-01
Kedelai,1315,17881,Cirebon,2024-01-01
Kacang Tanah,785,14462,Lampung,2024-01-01
Kedelai,1436,12208,Manado,2024-01-01
Kopi,885,38687,Lombok,2024-01-01
Kacang Tanah,1266,18051,Yogyakarta,2024-01-01
Kentang,1156,12275,Malang,2024-01-01
Kopi,1212,67882,Solo,2024-01-01
Jagung,1133,11125,Manado,2024-01-01
Padi,949,9422,Aceh,2024-01-01
Kedelai,1343,17916,Yogyakarta,2024-01-01
Jagung,1239,13564,Bengkulu,2024-01-01
Ubi Jalar,1425,10723,Manado,2024-01-01
Kentang,1138,12837,Kupang,2024-01-01
Kentang,879,11656,Makassar,2024-02-01
Jagung,1475,15099,Pontianak,2024-02-01
Gandum,899,19810,Serang,2024-02-01
Padi,771,13397,Tasikmalaya,2024-02-01
Tebu,895,8711,Yogyakarta,2024-02-01
Kedelai,1305,16910,Solo,2024-02-01
Kopi,1177,51454,Solo,2024-02-01
Padi,940,11632,Bali,2024-02-01
Tebu,1327,5557,Aceh,2024-02-01
Jagung,1313,13808,Balikpapan,2024-02-01
Kacang Tanah,771,15612,Pekanbaru,2024-02-01
Gandum,726,17068,Tasikmalaya,2024-02-01
Kopi,1492,49243,Ambon,2024-02-01
Jagung,1351,15829,Tasikmalaya,2024-02-01
Jagung,1455,11908,Bengkulu,2024-02-01
Jagung,1105,14280,Samarinda,2024-02-01
Kentang,1013,16255,Pekanbaru,2024-02-01
Padi,1129,9937,Madiun,2024-02-01
Gandum,1038,17595,Tasikmalaya,2024-02-01
Jagung,1268,15586,Madiun,2024-02-01
Kopi,718,64912,Aceh,2024-02-01
Padi,907,11804,Solo,2024-02-01
Tebu,1046,6524,Lombok,2024-02-01
Padi,1195,13017,Aceh,2024-02-01
Padi,860,13945,Ambon,2024-02-01
Kopi,907,41649,Ambon,2024-02-01
Padi,1458,10615,Balikpapan,2024-02-01
Kacang Tanah,910,19662,Manado,2024-02-01
Padi,1224,11113,Yogyakarta,2024-02-01
Padi,884,12882,Jayapura,2024-02-01
Kopi,1228,37092,Medan,2024-02-01
Padi,1345,9701,Medan,2024-02-01
Padi,795,12297,Semarang,2024-02-01
Padi,976,12445,Batam,2024-02-01
Gandum,1143,17662,Solo,2024-02-01
Ubi Jalar,984,11399,Ambon,2024-02-01
Tebu,1500,5320,Padang,2024-02-01
Kentang,1403,16977,Pontianak,2024-02-01
Kopi,1272,57860,Lombok,2024-02-01
Ubi Jalar,1098,9804,Madiun,2024-02-01
Kentang,1406,14543,Denpasar,2024-02-01
Ubi Jalar,908,12320,Jayapura,2024-02-01
Tebu,1070,7992,Manado,2024-02-01
Ubi Jalar,1127,10258,Yogyakarta,2024-02-01
Kedelai,1187,13171,Bogor,2024-02-01
Tebu,1346,7972,Bogor,2024-02-01
Kedelai,1242,16342,Lampung,2024-02-01
Kedelai,1095,14450,Lombok,2024-02-01
Kacang Tanah,1006,17969,Pontianak,2024-02-01
Ubi Jalar,1202,12470,Lombok,2024-02-01
Padi,860,10529,Kupang,2024-02-01
Gandum,1222,19253,Bali,2024-02-01
Kedelai,1012,14934,Batam,2024-02-01
Kentang,878,11391,Ambon,2024-02-01
Padi,1301,13170,Aceh,2024-02-01
Tebu,1396,8519,Samarinda,2024-02-01
Kentang,838,14461,Medan,2024-02-01
Padi,1172,12026,Jambi,2024-02-01
Gandum,1079,19432,Palangkaraya,2024-02-01
Gandum,1098,15097,Pontianak,2024-02-01
Padi,1380,9615,Lampung,2024-02-01
Kopi,1392,48831,Samarinda,2024-02-01
Padi,931,11084,Balikpapan,2024-02-01
Kentang,1445,16328,Cirebon,2024-02-01
Kopi,1461,42340,Semarang,2024-02-01
Kentang,1471,16036,Bandung,2024-02-01
Kentang,1284,11685,Aceh,2024-02-01
Padi,1031,10918,Yogyakarta,2024-02-01
Gandum,1224,17820,Tangerang,2024-02-01
Gandum,1427,15173,Kupang,2024-02-01
Padi,809,12159,Pekanbaru,2024-02-01
Ubi Jalar,1256,10197,Jayapura,2024-02-01
Tebu,1189,7594,Jakarta,2024-02-01
Kentang,1469,15006,Manado,2024-02-01
Padi,1069,11020,Jayapura,2024-02-01
Gandum,1202,18865,Jayapura,2024-02-01
Gandum,1057,19248,Jakarta,2024-02-01
Gandum,933,19316,Batam,2024-02-01
Ubi Jalar,1109,9029,Padang,2024-02-01
Gandum,1011,17418,Samarinda,2024-02-01
Kentang,1221,16136,Pontianak,2024-02-01
Jagung,950,12054,Aceh,2024-02-01
Kacang Tanah,854,16215,Lampung,2024-02-01
Tebu,1002,5984,Serang,2024-02-01
Jagung,998,13458,Bandung,2024-02-01
Tebu,1321,5283,Bali,2024-02-01
Tebu,1316,5974,Tasikmalaya,2024-02-01
Kopi,1377,31599,Denpasar,2024-02-01
Jagung,1082,13307,Manado,2024-02-01
Kentang,722,16374,Bali,2024-02-01
Kedelai,1172,13336,Aceh,2024-02-01
Jagung,968,12579,Palangkaraya,2024-02-01
Jagung,1317,11612,Pontianak,2024-02-01
Padi,872,10113,Samarinda,2024-02-01
Jagung,713,11641,Batam,2024-02-01
Kentang,767,16287,Jakarta,2024-02-01
Jagung,947,11119,Bandung,2024-02-01
Padi,1293,10001,Solo,2024-02-01
Kedelai,1016,14302,Malang,2024-02-01
Kopi,1211,50003,Padang,2024-02-01
Kopi,1025,63537,Padang,2024-03-01
Kacang Tanah,1085,17251,Lombok,2024-03-01
Kentang,756,16495,Bogor,2024-03-01
Kedelai,819,12301,Palembang,2024-03-01
Gandum,1409,19198,Samarinda,2024-03-01
Ubi Jalar,1204,9988,Bandung,2024-03-01
Kentang,1454,12657,Lampung,2024-03-01
Padi,1070,12492,Samarinda,2024-03-01
Kedelai,1210,13214,Ambon,2024-03-01
Gandum,863,18288,Padang,2024-03-01
Ubi Jalar,1412,11292,Kupang,2024-03-01
Tebu,1489,8030,Surabaya,2024-03-01
Kacang Tanah,949,15932,Lombok,2024-03-01
Kacang Tanah,905,20161,Cirebon,2024-03-01
Kopi,1047,64101,Manado,2024-03-01
Jagung,1007,12214,Palangkaraya,2024-03-01
Kopi,1219,55737,Palembang,2024-03-01
Jagung,1494,15132,Serang,2024-03-01
Tebu,1488,7174,Yogyakarta,2024-03-01
Kentang,1416,16004,Pekanbaru,2024-03-01
Kentang,1268,13823,Jayapura,2024-03-01
Jagung,1333,12082,Bogor,2024-03-01
Kacang Tanah,1003,14961,Ambon,2024-03-01
Kedelai,1128,16901,Samarinda,2024-03-01
Kentang,985,17627,Bengkulu,2024-03-01
Padi,1346,9147,Bogor,2024-03-01
Kentang,1036,13699,Tangerang,2024-03-01
Kedelai,1392,16819,Serang,2024-03-01
Jagung,1476,13558,Tasikmalaya,2024-03-01
Kacang Tanah,1240,15813,Malang,2024-03-01
Kopi,822,50838,Pekanbaru,2024-03-01
Kopi,815,35795,Bandung,2024-03-01
Padi,1388,11909,Bali,2024-03-01
Padi,1119,13688,Pekanbaru,2024-03-01
Jagung,850,11659,Jambi,2024-03-01
Padi,1358,9770,Ambon,2024-03-01
Ubi Jalar,844,11474,Makassar,2024-03-01
Kedelai,1081,13408,Manado,2024-03-01
Kacang Tanah,826,21287,Samarinda,2024-03-01
Gandum,858,18718,Palangkaraya,2024-03-01
Kedelai,1409,17799,Jakarta,2024-03-01
Ubi Jalar,1308,11219,Jakarta,2024-03-01
Kedelai,971,15763,Malang,2024-03-01
Kentang,1296,13407,Tangerang,2024-03-01
Ubi Jalar,1149,11891,Jayapura,2024-03-01
Ubi Jalar,1366,9785,Palangkaraya,2024-03-01
Ubi Jalar,1067,9710,Bengkulu,2024-03-01
Ubi Jalar,1232,11482,Balikpapan,2024-03-01
Tebu,893,6475,Malang,2024-03-01
Kacang Tanah,1443,19709,Surabaya,2024-03-01
Tebu,994,6430,Bandung,2024-03-01
Kedelai,1356,17062,Cirebon,2024-03-01
Kedelai,966,14340,Palembang,2024-03-01
Gandum,784,16648,Bandung,2024-03-01
Kentang,1430,16876,Bengkulu,2024-03-01
Gandum,1093,15117,Madiun,2024-03-01
Kentang,990,11900,Bogor,2024-03-01
Padi,1454,12145,Palembang,2024-03-01
Kacang Tanah,1414,19040,Lombok,2024-03-01
Kedelai,1404,15516,Bogor,2024-03-01
Gandum,1096,16227,Lampung,2024-03-01
Padi,1123,9253,Jambi,2024-03-01
Padi,816,10607,Jakarta,2024-03-01
Kacang Tanah,934,18416,Denpasar,2024-03-01
Jagung,827,12096,Surabaya,2024-03-01
Padi,1295,11184,Tasikmalaya,2024-03-01
Jagung,1170,12937,Manado,2024-03-01
Kedelai,1203,15233,Bengkulu,2024-03-01
Padi,1043,13032,Palembang,2024-03-01
Kopi,1486,44306,Batam,2024-03-01
Kacang Tanah,1169,16392,Jambi,2024-03-01
Ubi Jalar,1201,11537,Jakarta,2024-03-01
Tebu,882,5355,Madiun,2024-03-01
Gandum,940,15066,Jayapura,2024-03-01
Kentang,1235,17850,Bandung,2024-03-01
Kentang,1218,15023,Medan,2024-03-01
Jagung,1258,12098,Manado,2024-03-01
Gandum,763,15247,Bandung,2024-03-01
Kopi,1464,68671,Bengkulu,2024-03-01
Jagung,873,15429,Kupang,2024-03-01
Kacang Tanah,880,19580,Lombok,2024-03-01
Kopi,767,51924,Serang,2024-03-01
Kentang,1136,10008,Tangerang,2024-03-01
Ubi Jalar,1490,8640,Jambi,2024-03-01
Padi,973,12004,Surabaya,2024-03-01
Gandum,940,15511,Manado,2024-03-01
Kedelai,940,17932,Aceh,2024-03-01
Kacang Tanah,958,21841,Jakarta,2024-03-01
Kacang Tanah,1186,21160,Bandung,2024-03-01
Ubi Jalar,859,11308,Semarang,2024-03-01
Ubi Jalar,1090,8797,Makassar,2024-03-01
Ubi Jalar,1164,12797,Kupang,2024-03-01
Kacang Tanah,1432,21347,Ambon,2024-03-01
Padi,1319,11989,Cirebon,2024-03-01
Kentang,905,12939,Jayapura,2024-03-01
Jagung,1181,11552,Batam,2024-03-01
Kopi,761,67701,Jakarta,2024-03-01
Kentang,1159,15638,Aceh,2024-03-01
Kentang,897,12305,Pekanbaru,2024-03-01
Gandum,717,19432,Bengkulu,2024-03-01
Kacang Tanah,1272,15298,Padang,2024-04-01
Tebu,1357,6734,Manado,2024-04-01
Kopi,816,40654,Bandung,2024-04-01
Kopi,848,62960,Aceh,2024-04-01
Kentang,1286,13274,Malang,2024-04-01
Kentang,1276,17536,Ambon,2024-04-01
Kopi,910,32204,Aceh,2024-04-01
Gandum,1226,17771,Pontianak,2024-04-01
Kentang,1267,14269,Pontianak,2024-04-01
Kopi,1265,55052,Aceh,2024-04-01
Padi,1074,13683,Balikpapan,2024-04-01
Padi,1418,13736,Pontianak,2024-04-01
Kacang Tanah,1482,20854,Ambon,2024-04-01
Kentang,774,12220,Tasikmalaya,2024-04-01
Ubi Jalar,729,9177,Palembang,2024-04-01
Padi,764,11919,Pekanbaru,2024-04-01
Kacang Tanah,1389,20285,Palembang,2024-04-01
Jagung,866,14307,Cirebon,2024-04-01
Jagung,736,14180,Pontianak,2024-04-01
Jagung,871,11439,Pontianak,2024-04-01
Kacang Tanah,748,18490,Ambon,2024-04-01
Gandum,717,16084,Tangerang,2024-04-01
Kentang,1039,16405,Madiun,2024-04-01
Kedelai,812,14743,Serang,2024-04-01
Kopi,925,38117,Tasikmalaya,2024-04-01
Kacang Tanah,1025,21750,Surabaya,2024-04-01
Kentang,990,13091,Malang,2024-04-01
Jagung,1195,11866,Padang,2024-04-01
Kacang Tanah,1450,14540,Lampung,2024-04-01
Kacang Tanah,1260,19060,Jambi,2024-04-01
Kentang,852,15471,Semarang,2024-04-01
Kopi,814,35613,Palangkaraya,2024-04-01
Padi,833,13041,Batam,2024-04-01
Ubi Jalar,1371,8855,Serang,2024-04-01
Padi,1366,11606,Pekanbaru,2024-04-01
Padi,1188,10922,Bali,2024-04-01
Kacang Tanah,1440,17647,Pekanbaru,2024-04-01
Kacang Tanah,1201,16008,Semarang,2024-04-01
Jagung,785,15029,Makassar,2024-04-01
Jagung,982,11206,Medan,2024-04-01
Jagung,736,12225,Tasikmalaya,2024-04-01
Kacang Tanah,731,20117,Denpasar,2024-04-01
Kopi,1183,43025,Semarang,2024-04-01
Tebu,1178,8850,Tasikmalaya,2024-04-01
Kacang Tanah,831,15022,Samarinda,2024-04-01
Tebu,736,7223,Jakarta,2024-04-01
Kopi,1348,31556,Yogyakarta,2024-04-01
Kentang,1201,12589,Palembang,2024-04-01
Jagung,944,14233,Semarang,2024-04-01
Kentang,1295,10257,Tasikmalaya,2024-04-01
Kopi,1342,50968,Batam,2024-04-01
Padi,1402,13178,Bandung,2024-04-01
Kacang Tanah,720,18219,Bali,2024-04-01
Kentang,758,11856,Jakarta,2024-04-01
Padi,1374,12277,Surabaya,2024-04-01
Ubi Jalar,1382,12972,Yogyakarta,2024-04-01
Kopi,1259,46234,Jakarta,2024-04-01
Jagung,847,14128,Bali,2024-04-01
Kentang,966,11822,Jambi,2024-04-01
Jagung,1131,12488,Pekanbaru,2024-04-01
Kedelai,1004,15356,Bengkulu,2024-04-01
Gandum,1222,17734,Manado,2024-04-01
Gandum,1494,17595,Jambi,2024-04-01
Kedelai,1114,13049,Pekanbaru,2024-04-01
Padi,1392,12936,Cirebon,2024-04-01
Jagung,1268,11564,Samarinda,2024-04-01
Gandum,718,18853,Cirebon,2024-04-01
Kedelai,840,17494,Ambon,2024-04-01
Ubi Jalar,1082,9080,Manado,2024-04-01
Kopi,1479,52001,Lampung,2024-04-01
Kentang,845,16222,Aceh,2024-04-01
Kentang,797,15477,Balikpapan,2024-04-01
Jagung,1028,15771,Yogyakarta,2024-04-01
Kentang,1153,12526,Madiun,2024-04-01
Jagung,747,15348,Makassar,2024-04-01
Ubi Jalar,941,10767,Tangerang,2024-04-01
Kacang Tanah,1436,15300,Bali,2024-04-01
Ubi Jalar,924,10312,Jambi,2024-04-01
Ubi Jalar,895,8529,Palangkaraya,2024-04-01
Kacang Tanah,914,16113,Pekanbaru,2024-04-01
Kedelai,1219,14593,Surabaya,2024-04-01
Jagung,707,14453,Madiun,2024-04-01
Gandum,1214,17015,Palangkaraya,2024-04-01
Jagung,1469,15226,Madiun,2024-04-01
Ubi Jalar,1345,8580,Bengkulu,2024-04-01
Kacang Tanah,1399,15238,Bali,2024-04-01
Padi,1479,12258,Jakarta,2024-04-01
Padi,1082,13780,Madiun,2024-04-01
Tebu,721,7830,Semarang,2024-04-01
Ubi Jalar,805,9119,Kupang,2024-04-01
Kedelai,826,17442,Pontianak,2024-04-01
Padi,1415,10483,Solo,2024-04-01
Ubi Jalar,1073,9473,Jayapura,2024-04-01
Gandum,935,16121,Balikpapan,2024-04-01
Kopi,716,64494,Padang,2024-04-01
Jagung,969,15828,Samarinda,2024-04-01
Kentang,1286,14061,Tangerang,2024-04-01
Ubi Jalar,1376,12396,Serang,2024-04-01
Kentang,937,11753,Bogor,2024-04-01
Ubi Jalar,894,10786,Denpasar,2024-04-01
Kopi,837,37918,Lampung,2024-05-01
Tebu,1484,7901,Jayapura,2024-05-01
Ubi Jalar,1365,8484,Jayapura,2024-05-01
Kentang,1055,13519,Tangerang,2024-05-01
Ubi Jalar,748,10862,Pontianak,2024-05-01
Tebu,1171,5706,Ambon,2024-05-01
Tebu,1289,8513,Balikpapan,2024-05-01
Padi,1274,9096,Solo,2024-05-01
Ubi Jalar,1271,9753,Jayapura,2024-05-01
Kopi,1364,40403,Bengkulu,2024-05-01
Kentang,1434,14515,Manado,2024-05-01
Jagung,973,13808,Aceh,2024-05-01
Jagung,1128,13432,Kupang,2024-05-01
Jagung,881,14988,Serang,2024-05-01
Ubi Jalar,793,11614,Ambon,2024-05-01
Kentang,914,10382,Pontianak,2024-05-01
Kentang,799,10935,Ambon,2024-05-01
Padi,1500,9958,Lombok,2024-05-01
Tebu,1036,5778,Makassar,2024-05-01
Tebu,934,5510,Ambon,2024-05-01
Ubi Jalar,1251,8443,Makassar,2024-05-01
Kedelai,896,12585,Surabaya,2024-05-01
Jagung,783,14029,Solo,2024-05-01
Jagung,1011,15306,Kupang,2024-05-01
Ubi Jalar,1358,10750,Tangerang,2024-05-01
Kentang,1459,12741,Ambon,2024-05-01
Kedelai,990,15552,Bali,2024-05-01
Kentang,1401,13038,Ambon,2024-05-01
Tebu,786,8046,Cirebon,2024-05-01
Kacang Tanah,882,19543,Lampung,2024-05-01
Jagung,1448,12624,Bogor,2024-05-01
Ubi Jalar,1189,9723,Tangerang,2024-05-01
Kentang,1318,14645,Semarang,2024-05-01
Kedelai,1222,14796,Solo,2024-05-01
Kacang Tanah,1167,16594,Bali,2024-05-01
Kacang Tanah,1466,15794,Samarinda,2024-05-01
Kacang Tanah,1453,15058,Pekanbaru,2024-05-01
Tebu,1074,8935,Tangerang,2024-05-01
Kentang,1040,16957,Solo,2024-05-01
Jagung,1334,12204,Denpasar,2024-05-01
Kentang,1038,12136,Pekanbaru,2024-05-01
Jagung,1394,12578,Madiun,2024-05-01
Gandum,780,16841,Surabaya,2024-05-01
Jagung,1495,11022,Pekanbaru,2024-05-01
Kopi,725,44888,Batam,2024-05-01
Ubi Jalar,1217,9095,Tangerang,2024-05-01
Kentang,1113,12046,Solo,2024-05-01
Kacang Tanah,1209,17625,Madiun,2024-05-01
Kacang Tanah,748,21070,Manado,2024-05-01
Jagung,1290,13231,Jambi,2024-05-01
Kopi,1429,40127,Cirebon,2024-05-01
Kedelai,1087,17824,Lombok,2024-05-01
Tebu,705,6342,Denpasar,2024-05-01
Kedelai,836,14574,Kupang,2024-05-01
Kopi,774,46020,Jayapura,2024-05-01
Kacang Tanah,781,19050,Balikpapan,2024-05-01
Ubi Jalar,701,11814,Padang,2024-05-01
Gandum,1259,15761,Padang,2024-05-01
Kacang Tanah,1376,19808,Bandung,2024-05-01
Ubi Jalar,1435,9519,Aceh,2024-05-01
Gandum,868,18625,Lombok,2024-05-01
Kacang Tanah,956,15684,Serang,2024-05-01
Gandum,1077,17982,Balikpapan,2024-05-01
Gandum,1262,17881,Aceh,2024-05-01
Padi,718,12759,Surabaya,2024-05-01
Kedelai,1322,16698,Solo,2024-05-01
Gandum,828,18759,Cirebon,2024-05-01
Kopi,748,31666,Cirebon,2024-05-01
Tebu,1397,8813,Lombok,2024-05-01
Kedelai,806,12921,Surabaya,2024-05-01
Padi,1094,9266,Lombok,2024-05-01
Kentang,787,10680,Madiun,2024-05-01
Kacang Tanah,1485,16996,Semarang,2024-05-01
Tebu,1282,5833,Bengkulu,2024-05-01
Gandum,1219,16252,Batam,2024-05-01
Kedelai,1455,15352,Pekanbaru,2024-05-01
Kacang Tanah,1195,17554,Lombok,2024-05-01
Padi,1259,9251,Jayapura,2024-05-01
Kedelai,1266,12420,Ambon,2024-05-01
Padi,1115,9836,Lombok,2024-05-01
Padi,888,11945,Balikpapan,2024-05-01
Kopi,988,47552,Pekanbaru,2024-05-01
Kedelai,789,12548,Bali,2024-05-01
Kedelai,935,13791,Tasikmalaya,2024-05-01
Kedelai,1217,17658,Manado,2024-05-01
Tebu,757,6308,Makassar,2024-05-01
Kedelai,1406,13046,Palembang,2024-05-01
Kopi,745,67344,Denpasar,2024-05-01
Kopi,1459,36409,Tangerang,2024-05-01
Gandum,1147,19963,Palangkaraya,2024-05-01
Tebu,1023,6753,Pontianak,2024-05-01
Kedelai,1157,13762,Bandung,2024-05-01
Ubi Jalar,1037,11779,Palangkaraya,2024-05-01
Kopi,1125,49308,Bogor,2024-05-01
Gandum,1488,19518,Tangerang,2024-05-01
Kacang Tanah,955,19823,Medan,2024-05-01
Tebu,1031,5170,Serang,2024-05-01
Kopi,1138,39871,Lampung,2024-05-01
Padi,1447,13207,Bandung,2024-05-01
Kopi,815,53168,Lampung,2024-05-01
Gandum,1202,17538,Balikpapan,2024-06-01
Kacang Tanah,1245,16439,Jakarta,2024-06-01
Tebu,1403,5326,Bandung,2024-06-01
Jagung,1002,11628,Batam,2024-06-01
Kopi,1229,61922,Yogyakarta,2024-06-01
Kopi,1213,60301,Cirebon,2024-06-01
Kentang,1381,15687,Pekanbaru,2024-06-01
Jagung,1454,15250,Yogyakarta,2024-06-01
Jagung,1263,15352,Cirebon,2024-06-01
Tebu,1225,8532,Balikpapan,2024-06-01
Gandum,856,16154,Jambi,2024-06-01
Kentang,994,16541,Bengkulu,2024-06-01
Padi,1157,9159,Cirebon,2024-06-01
Ubi Jalar,1017,12193,Pekanbaru,2024-06-01
Kacang Tanah,1005,16088,Surabaya,2024-06-01
Kacang Tanah,791,14790,Solo,2024-06-01
Kacang Tanah,900,20667,Solo,2024-06-01
Kacang Tanah,1054,19858,Ambon,2024-06-01
Ubi Jalar,948,9852,Jambi,2024-06-01
Kedelai,725,14717,Manado,2024-06-01
Kedelai,1028,14209,Surabaya,2024-06-01
Kacang Tanah,777,16323,Bali,2024-06-01
Tebu,1254,8857,Malang,2024-06-01
Kopi,1015,54218,Yogyakarta,2024-06-01
Tebu,1219,5443,Aceh,2024-06-01
Kacang Tanah,1285,16515,Kupang,2024-06-01
Kopi,1395,62470,Ambon,2024-06-01
Jagung,997,15625,Cirebon,2024-06-01
Padi,973,10977,Aceh,2024-06-01
Padi,971,10599,Balikpapan,2024-06-01
Kacang Tanah,1211,17274,Balikpapan,2024-06-01
Kedelai,991,17563,Serang,2024-06-01
Padi,883,12557,Jakarta,2024-06-01
Kacang Tanah,768,17096,Manado,2024-06-01
Kedelai,1069,17210,Madiun,2024-06-01
Ubi Jalar,1004,12129,Solo,2024-06-01
Jagung,1162,13299,Samarinda,2024-06-01
Gandum,824,15054,Jakarta,2024-06-01
Padi,1023,10469,Medan,2024-06-01
Kedelai,1299,14455,Solo,2024-06-01
Ubi Jalar,1320,9024,Padang,2024-06-01
Gandum,1283,15037,Bengkulu,2024-06-01
Kedelai,869,15779,Jakarta,2024-06-01
Kedelai,1218,15816,Samarinda,2024-06-01
Tebu,716,7962,Cirebon,2024-06-01
Padi,1083,9039,Jambi,2024-06-01
Tebu,1234,5819,Denpasar,2024-06-01
Ubi Jalar,1285,9729,Balikpapan,2024-06-01
Jagung,910,12632,Tangerang,2024-06-01
Padi,1346,10596,Bogor,2024-06-01
Kentang,904,11037,Jambi,2024-06-01
Gandum,1425,17532,Palangkaraya,2024-06-01
Padi,950,10908,Bandung,2024-06-01
Padi,1166,9823,Solo,2024-06-01
Kentang,917,17466,Bali,2024-06-01
Padi,988,13258,Semarang,2024-06-01
Kentang,1100,15099,Pontianak,2024-06-01
Kedelai,965,12226,Pontianak,2024-06-01
Kopi,1162,45450,Cirebon,2024-06-01
Kacang Tanah,1269,15143,Lampung,2024-06-01
Kedelai,1269,14351,Madiun,2024-06-01
Ubi Jalar,1477,11812,Padang,2024-06-01
Kacang Tanah,957,17389,Denpasar,2024-06-01
Jagung,1381,12621,Denpasar,2024-06-01
Ubi Jalar,1170,10330,Malang,2024-06-01
Kedelai,940,15456,Jayapura,2024-06-01
Jagung,1092,12214,Batam,2024-06-01
Jagung,1134,12394,Bandung,2024-06-01
Ubi Jalar,1265,10904,Bengkulu,2024-06-01
Ubi Jalar,1282,8721,Denpasar,2024-06-01
Kedelai,1023,14081,Cirebon,2024-06-01
Tebu,1193,7586,Denpasar,2024-06-01
Kacang Tanah,950,19452,Tasikmalaya,2024-06-01
Gandum,841,15745,Tasikmalaya,2024-06-01
Jagung,1146,15742,Ambon,2024-06-01
Kedelai,1032,12267,Aceh,2024-06-01
Kedelai,928,13288,Tangerang,2024-06-01
Kentang,1291,10188,Pontianak,2024-06-01
Jagung,1263,11544,Jambi,2024-06-01
Kedelai,885,17133,Denpasar,2024-06-01
Kentang,1240,11401,Aceh,2024-06-01
Kacang Tanah,1215,14756,Cirebon,2024-06-01
Kentang,1317,13670,Makassar,2024-06-01
Gandum,1143,19005,Pontianak,2024-06-01
Kacang Tanah,886,15543,Kupang,2024-06-01
Padi,1348,13790,Surabaya,2024-06-01
Ubi Jalar,1400,9619,Jayapura,2024-06-01
Kacang Tanah,765,16616,Tangerang,2024-06-01
Tebu,1257,5612,Ambon,2024-06-01
Kentang,1130,16121,Malang,2024-06-01
Kedelai,741,17672,Makassar,2024-06-01
Jagung,958,15758,Cirebon,2024-06-01
Tebu,1403,7235,Solo,2024-06-01
Jagung,1048,13415,Surabaya,2024-06-01
Kacang Tanah,1031,16970,Surabaya,2024-06-01
Kentang,1127,11014,Bali,2024-06-01
Ubi Jalar,1199,11659,Jambi,2024-06-01
Kentang,1212,15641,Makassar,2024-06-01
Padi,1121,10894,Jayapura,2024-06-01
Jagung,1214,11918,Palangkaraya,2024-06-01
Kentang,917,16004,Bogor,2024-07-01
Kentang,804,11672,Pontianak,2024-07-01
Kopi,1460,40245,Madiun,2024-07-01
Jagung,1123,13028,Pekanbaru,2024-07-01
Kentang,752,12379,Pekanbaru,2024-07-01
Ubi Jalar,1398,10839,Samarinda,2024-07-01
Kopi,988,54035,Lampung,2024-07-01
Kentang,1345,11149,Surabaya,2024-07-01
Kopi,827,36059,Kupang,2024-07-01
Tebu,952,6324,Surabaya,2024-07-01
Ubi Jalar,807,11729,Bogor,2024-07-01
Kopi,1277,38601,Pontianak,2024-07-01
Tebu,1170,8566,Bali,2024-07-01
Kentang,786,10196,Palembang,2024-07-01
Ubi Jalar,1378,12498,Cirebon,2024-07-01
Gandum,1041,16341,Pontianak,2024-07-01
Gandum,926,19071,Aceh,2024-07-01
Jagung,755,12626,Solo,2024-07-01
Kentang,928,11834,Ambon,2024-07-01
Kentang,1307,16353,Denpasar,2024-07-01
Kacang Tanah,1308,14196,Padang,2024-07-01
Padi,956,12689,Cirebon,2024-07-01
Kacang Tanah,1190,14153,Serang,2024-07-01
Jagung,734,14556,Cirebon,2024-07-01
Kedelai,1497,16840,Palangkaraya,2024-07-01
Jagung,960,13959,Aceh,2024-07-01
Gandum,758,15001,Pontianak,2024-07-01
Kentang,1488,15777,Palembang,2024-07-01
Ubi Jalar,908,10541,Bengkulu,2024-07-01
Kacang Tanah,1034,18467,Tangerang,2024-07-01
Kentang,1339,17265,Yogyakarta,2024-07-01
Padi,839,12728,Semarang,2024-07-01
Gandum,1092,17243,Pontianak,2024-07-01
Padi,1086,9593,Manado,2024-07-01
Ubi Jalar,1189,11612,Pontianak,2024-07-01
Tebu,890,6862,Lampung,2024-07-01
Kentang,974,11980,Cirebon,2024-07-01
Jagung,979,12524,Cirebon,2024-07-01
Tebu,1103,8990,Yogyakarta,2024-07-01
Ubi Jalar,1105,12835,Solo,2024-07-01
Ubi Jalar,1227,8794,Aceh,2024-07-01
Kopi,913,32643,Bogor,2024-07-01
Kentang,805,15330,Ambon,2024-07-01
Ubi Jalar,870,10544,Denpasar,2024-07-01
Kopi,1049,60797,Solo,2024-07-01
Gandum,1306,19503,Pekanbaru,2024-07-01
Kedelai,1118,16854,Padang,2024-07-01
Kopi,759,60760,Lampung,2024-07-01
Jagung,1429,14548,Tasikmalaya,2024-07-01
Jagung,952,12182,Makassar,2024-07-01
Kacang Tanah,870,16312,Malang,2024-07-01
Ubi Jalar,1467,8549,Bogor,2024-07-01
Kopi,1043,51287,Bogor,2024-07-01
Kentang,857,16314,Lampung,2024-07-01
Kentang,1241,13308,Surabaya,2024-07-01
Kentang,757,10419,Palembang,2024-07-01
Kopi,964,69588,Yogyakarta,2024-07-01
Ubi Jalar,794,9299,Madiun,2024-07-01
Jagung,849,14700,Semarang,2024-07-01
Tebu,1423,5877,Denpasar,2024-07-01
Jagung,1072,15320,Denpasar,2024-07-01
Gandum,749,16683,Madiun,2024-07-01
Jagung,1319,15148,Bogor,2024-07-01
Kopi,735,41570,Balikpapan,2024-07-01
Ubi Jalar,855,12080,Ambon,2024-07-01
Kentang,1017,14456,Padang,2024-07-01
Kentang,837,11160,Balikpapan,2024-07-01
Ubi Jalar,1256,9078,Balikpapan,2024-07-01
Kopi,1138,64577,Palangkaraya,2024-07-01
Tebu,1022,7932,Palangkaraya,2024-07-01
Ubi Jalar,797,11865,Tangerang,2024-07-01
Gandum,1391,19040,Bandung,2024-07-01
Padi,1003,10699,Pontianak,2024-07-01
Gandum,1221,18468,Batam,2024-07-01
Tebu,1371,8139,Medan,2024-07-01
Padi,1225,10281,Tasikmalaya,2024-07-01
Jagung,861,11183,Padang,2024-07-01
Kacang Tanah,708,16710,Bengkulu,2024-07-01
Tebu,1236,7040,Bengkulu,2024-07-01
Kopi,1264,49886,Tasikmalaya,2024-07-01
Kopi,1318,56797,Tasikmalaya,2024-07-01
Padi,1446,12584,Pontianak,2024-07-01
Ubi Jalar,1214,12915,Kupang,2024-07-01
Ubi Jalar,818,12835,Pontianak,2024-07-01
Kedelai,1448,12763,Solo,2024-07-01
Kedelai,825,12726,Bandung,2024-07-01
Padi,743,13767,Malang,2024-07-01
Jagung,947,11312,Ambon,2024-07-01
Kacang Tanah,1468,16680,Solo,2024-07-01
Ubi Jalar,835,8839,Bogor,2024-07-01
Kedelai,1420,14810,Palembang,2024-07-01
Jagung,1100,11090,Tasikmalaya,2024-07-01
Jagung,1004,14831,Jambi,2024-07-01
Gandum,1013,18903,Kupang,2024-07-01
Kentang,1365,17332,Yogyakarta,2024-07-01
Kentang,1335,14191,Surabaya,2024-07-01
Ubi Jalar,1233,8070,Yogyakarta,2024-07-01
Tebu,709,6910,Jambi,2024-07-01
Kedelai,1165,15436,Yogyakarta,2024-07-01
Jagung,1403,15324,Ambon,2024-07-01
Kacang Tanah,1276,19846,Bengkulu,2024-08-01
Padi,1445,13590,Manado,2024-08-01
Gandum,1220,19731,Manado,2024-08-01
Padi,1440,13576,Solo,2024-08-01
Kentang,723,17187,Palembang,2024-08-01
Kentang,1129,12142,Bali,2024-08-01
Ubi Jalar,1209,11258,Cirebon,2024-08-01
Jagung,1304,12767,Jambi,2024-08-01
Jagung,1431,15190,Yogyakarta,2024-08-01
Kedelai,972,13713,Balikpapan,2024-08-01
Padi,1417,13851,Tasikmalaya,2024-08-01
Kopi,916,52217,Balikpapan,2024-08-01
Kacang Tanah,1422,18133,Semarang,2024-08-01
Kedelai,875,17302,Pontianak,2024-08-01
Ubi Jalar,1103,11866,Ambon,2024-08-01
Kopi,1283,57664,Bengkulu,2024-08-01
Kopi,1253,66146,Medan,2024-08-01
Kedelai,1301,15973,Palangkaraya,2024-08-01
Kedelai,1469,12889,Aceh,2024-08-01
Padi,1498,10427,Jambi,2024-08-01
Jagung,1063,14322,Cirebon,2024-08-01
Tebu,1380,5569,Surabaya,2024-08-01
Padi,1267,12786,Denpasar,2024-08-01
Kentang,861,16556,Padang,2024-08-01
Padi,1481,10796,Jayapura,2024-08-01
Gandum,1287,16028,Jayapura,2024-08-01
Jagung,1466,15837,Bogor,2024-08-01
Ubi Jalar,1419,10303,Tasikmalaya,2024-08-01
Tebu,1240,8476,Bogor,2024-08-01
Tebu,802,6929,Makassar,2024-08-01
Gandum,959,17386,Pontianak,2024-08-01
Jagung,722,11535,Denpasar,2024-08-01
Jagung,1326,12164,Pontianak,2024-08-01
Gandum,921,17771,Medan,2024-08-01
Kentang,1132,14044,Makassar,2024-08-01
Kentang,1344,17276,Semarang,2024-08-01
Kedelai,827,12134,Lombok,2024-08-01
Kentang,1447,10884,Samarinda,2024-08-01
Kedelai,779,14505,Jambi,2024-08-01
Kedelai,1020,13274,Malang,2024-08-01
Padi,1291,11140,Ambon,2024-08-01
Gandum,1236,19909,Bengkulu,2024-08-01
Kentang,759,14970,Madiun,2024-08-01
Kacang Tanah,858,14520,Palangkaraya,2024-08-01
Kedelai,728,16530,Palembang,2024-08-01
Ubi Jalar,1380,11843,Jambi,2024-08-01
Ubi Jalar,1371,10871,Palembang,2024-08-01
Kentang,833,16036,Palangkaraya,2024-08-01
Gandum,857,18661,Tangerang,2024-08-01
Kedelai,796,12150,Madiun,2024-08-01
Kedelai,947,12355,Aceh,2024-08-01
Jagung,733,14269,Bogor,2024-08-01
Kentang,1359,17797,Aceh,2024-08-01
Padi,1383,11489,Jayapura,2024-08-01
Kentang,746,10282,Bogor,2024-08-01
Jagung,732,13759,Pekanbaru,2024-08-01
Jagung,886,14430,Tangerang,2024-08-01
Kopi,955,39731,Madiun,2024-08-01
Kedelai,1203,15802,Palembang,2024-08-01
Tebu,719,5759,Solo,2024-08-01
Kedelai,1493,15641,Pontianak,2024-08-01
Gandum,1377,17396,Palangkaraya,2024-08-01
Kentang,1032,16942,Aceh,2024-08-01
Kedelai,1452,14577,Tangerang,2024-08-01
Kopi,1116,50934,Tangerang,2024-08-01
Padi,844,13485,Lombok,2024-08-01
Kedelai,1384,14493,Bogor,2024-08-01
Kopi,1292,59846,Palembang,2024-08-01
Kedelai,701,13985,Pekanbaru,2024-08-01
Padi,1106,9242,Semarang,2024-08-01
Tebu,1396,7485,Tangerang,2024-08-01
Jagung,1059,12807,Palembang,2024-08-01
Ubi Jalar,936,12905,Palangkaraya,2024-08-01
Gandum,1196,16499,Jakarta,2024-08-01
Jagung,718,14848,Lombok,2024-08-01
Kacang Tanah,1107,20575,Madiun,2024-08-01
Kacang Tanah,710,19090,Aceh,2024-08-01
Ubi Jalar,1236,9102,Malang,2024-08-01
Kopi,916,51579,Bandung,2024-08-01
Kedelai,1484,16640,Surabaya,2024-08-01
Gandum,1284,17048,Tangerang,2024-08-01
Gandum,917,16705,Aceh,2024-08-01
Gandum,810,15632,Yogyakarta,2024-08-01
Kedelai,988,13603,Tasikmalaya,2024-08-01
Kopi,808,68558,Jambi,2024-08-01
Tebu,1406,8809,Jakarta,2024-08-01
Jagung,832,15171,Kupang,2024-08-01
Gandum,1135,19116,Medan,2024-08-01
Kentang,845,13484,Ambon,2024-08-01
Ubi Jalar,853,9179,Manado,2024-08-01
Ubi Jalar,1135,12072,Bogor,2024-08-01
Kentang,1331,15220,Denpasar,2024-08-01
Gandum,961,19467,Serang,2024-08-01
Tebu,785,5010,Jakarta,2024-08-01
Tebu,1317,7973,Medan,2024-08-01
Kentang,1477,10154,Balikpapan,2024-08-01
Padi,1414,10749,Padang,2024-08-01
Kopi,1210,53617,Bandung,2024-08-01
Kedelai,1403,12570,Samarinda,2024-08-01
Kacang Tanah,741,17400,Medan,2024-08-01
Kopi,1294,66948,Bandung,2024-09-01
Gandum,1356,15078,Jambi,2024-09-01
Kedelai,1427,16016,Denpasar,2024-09-01
Kentang,1386,11516,Palembang,2024-09-01
Ubi Jalar,1043,12076,Aceh,2024-09-01
Padi,810,10647,Jakarta,2024-09-01
Padi,873,11434,Semarang,2024-09-01
Kacang Tanah,1304,20308,Makassar,2024-09-01
Jagung,1440,15884,Palangkaraya,2024-09-01
Padi,1220,13352,Yogyakarta,2024-09-01
Ubi Jalar,725,10530,Padang,2024-09-01
Kentang,772,15563,Lampung,2024-09-01
Gandum,970,17562,Madiun,2024-09-01
Kentang,916,16520,Lampung,2024-09-01
Tebu,867,8006,Jambi,2024-09-01
Kacang Tanah,883,20261,Madiun,2024-09-01
Kacang Tanah,1017,15779,Samarinda,2024-09-01
Tebu,965,8358,Bengkulu,2024-09-01
Kacang Tanah,1393,21322,Pontianak,2024-09-01
Padi,1183,10060,Bengkulu,2024-09-01
Kacang Tanah,765,15324,Lombok,2024-09-01
Kopi,922,44075,Bengkulu,2024-09-01
Gandum,788,18332,Tangerang,2024-09-01
Tebu,1362,5829,Palangkaraya,2024-09-01
Jagung,1395,15907,Yogyakarta,2024-09-01
Kacang Tanah,1102,18281,Yogyakarta,2024-09-01
Kedelai,1469,15437,Solo,2024-09-01
Jagung,784,15493,Jayapura,2024-09-01
Kacang Tanah,1153,20431,Solo,2024-09-01
Tebu,855,5823,Padang,2024-09-01
Gandum,788,15464,Bengkulu,2024-09-01
Gandum,1152,18728,Palangkaraya,2024-09-01
Kacang Tanah,1001,20599,Manado,2024-09-01
Kacang Tanah,859,15652,Palangkaraya,2024-09-01
Kentang,1374,10344,Jayapura,2024-09-01
Gandum,1452,18818,Manado,2024-09-01
Gandum,1024,15606,Solo,2024-09-01
Kopi,1242,68918,Balikpapan,2024-09-01
Ubi Jalar,1235,9446,Tasikmalaya,2024-09-01
Gandum,722,19245,Kupang,2024-09-01
Padi,1349,12417,Serang,2024-09-01
Kentang,748,14060,Tangerang,2024-09-01
Kacang Tanah,1160,14081,Lampung,2024-09-01
Jagung,883,11449,Balikpapan,2024-09-01
Kentang,998,17699,Denpasar,2024-09-01
Kentang,1074,17572,Cirebon,2024-09-01
Kopi,773,52415,Padang,2024-09-01
Padi,1495,9172,Denpasar,2024-09-01
Gandum,1094,18711,Ambon,2024-09-01
Kedelai,1170,12360,Tangerang,2024-09-01
Kedelai,1082,17046,Samarinda,2024-09-01
Kopi,1402,57429,Samarinda,2024-09-01
Tebu,949,6609,Medan,2024-09-01
Kedelai,704,17219,Malang,2024-09-01
Jagung,1488,14743,Serang,2024-09-01
Kedelai,822,17807,Bandung,2024-09-01
Kacang Tanah,866,20979,Palembang,2024-09-01
Jagung,1096,11988,Bogor,2024-09-01
Jagung,1346,13733,Samarinda,2024-09-01
Padi,1322,13534,Bandung,2024-09-01
Jagung,716,11799,Bandung,2024-09-01
Kedelai,727,15856,Palembang,2024-09-01
Tebu,895,6573,Jambi,2024-09-01
Ubi Jalar,745,10189,Jayapura,2024-09-01
Gandum,843,16063,Pekanbaru,2024-09-01
Kacang Tanah,1440,21101,Palembang,2024-09-01
Gandum,1169,16717,Madiun,2024-09-01
Ubi Jalar,1145,10229,Cirebon,2024-09-01
Gandum,1187,17004,Aceh,2024-09-01
Padi,1399,13604,Makassar,2024-09-01
Gandum,1286,15531,Malang,2024-09-01
Tebu,1286,7750,Tasikmalaya,2024-09-01
Padi,1289,10681,Jayapura,2024-09-01
Kentang,1419,11888,Medan,2024-09-01
Tebu,1178,8233,Madiun,2024-09-01
Gandum,815,17287,Solo,2024-09-01
Gandum,1120,17422,Serang,2024-09-01
Kopi,1219,41004,Semarang,2024-09-01
Padi,972,9587,Tasikmalaya,2024-09-01
Kedelai,1328,12536,Jambi,2024-09-01
Kentang,999,13661,Samarinda,2024-09-01
Gandum,986,18050,Jakarta,2024-09-01
Kopi,814,69875,Batam,2024-09-01
Kopi,1401,39912,Padang,2024-09-01
Ubi Jalar,1392,12875,Pontianak,2024-09-01
Padi,1313,13224,Balikpapan,2024-09-01
Kopi,1461,66689,Pontianak,2024-09-01
Kopi,996,44113,Yogyakarta,2024-09-01
Kedelai,865,12699,Batam,2024-09-01
Ubi Jalar,1156,8379,Tasikmalaya,2024-09-01
Kopi,1497,63943,Bali,2024-09-01
Kopi,925,49595,Yogyakarta,2024-09-01
Gandum,998,19774,Batam,2024-09-01
Tebu,876,8673,Surabaya,2024-09-01
Kentang,730,12219,Aceh,2024-09-01
Kentang,852,15807,Aceh,2024-09-01
Kacang Tanah,1378,14223,Semarang,2024-09-01
Kopi,862,37835,Yogyakarta,2024-09-01
Kentang,814,12364,Semarang,2024-09-01
Kopi,1198,59640,Batam,2024-09-01
Gandum,1094,15662,Lampung,2024-10-01
Kedelai,1097,16599,Samarinda,2024-10-01
Jagung,1172,12069,Madiun,2024-10-01
Ubi Jalar,1247,8382,Serang,2024-10-01
Ubi Jalar,1104,11530,Palangkaraya,2024-10-01
Kacang Tanah,1153,19113,Yogyakarta,2024-10-01
Kopi,1266,48512,Lombok,2024-10-01
Tebu,859,7765,Balikpapan,2024-10-01
Gandum,870,15506,Cirebon,2024-10-01
Jagung,913,15328,Madiun,2024-10-01
Jagung,1372,14600,Cirebon,2024-10-01
Jagung,752,13847,Makassar,2024-10-01
Kentang,1010,14156,Semarang,2024-10-01
Kacang Tanah,918,21318,Serang,2024-10-01
Jagung,1096,15835,Samarinda,2024-10-01
Jagung,1378,12086,Manado,2024-10-01
Gandum,1186,15409,Lampung,2024-10-01
Kedelai,1368,12189,Solo,2024-10-01
Padi,1378,10902,Samarinda,2024-10-01
Padi,1402,9331,Serang,2024-10-01
Kedelai,1059,14084,Bogor,2024-10-01
Ubi Jalar,897,12873,Tangerang,2024-10-01
Gandum,956,16463,Serang,2024-10-01
Kopi,967,35426,Bali,2024-10-01
Kedelai,1369,16136,Serang,2024-10-01
Kopi,903,43192,Solo,2024-10-01
Tebu,757,5029,Jambi,2024-10-01
Padi,799,9139,Ambon,2024-10-01
Kentang,1157,13989,Malang,2024-10-01
Gandum,1189,15474,Ambon,2024-10-01
Kopi,1333,58378,Palembang,2024-10-01
Kopi,1057,45921,Lampung,2024-10-01
Kedelai,1379,17609,Madiun,2024-10-01
Jagung,863,14605,Tangerang,2024-10-01
Kentang,1068,14288,Kupang,2024-10-01
Jagung,1205,12317,Lampung,2024-10-01
Kacang Tanah,1187,15586,Medan,2024-10-01
Kedelai,1302,17532,Ambon,2024-10-01
Kedelai,1399,15658,Bandung,2024-10-01
Gandum,1118,19097,Ambon,2024-10-01
Kacang Tanah,892,15751,Tangerang,2024-10-01
Kacang Tanah,1057,17992,Tangerang,2024-10-01
Ubi Jalar,876,9091,Manado,2024-10-01
Kopi,1128,45642,Palembang,2024-10-01
Kentang,882,16243,Tasikmalaya,2024-10-01
Jagung,1292,12939,Aceh,2024-10-01
Gandum,1149,16271,Tangerang,2024-10-01
Ubi Jalar,871,11280,Jayapura,2024-10-01
Kentang,1091,16223,Medan,2024-10-01
Gandum,1004,19457,Malang,2024-10-01
Kacang Tanah,1032,20472,Jayapura,2024-10-01
Kentang,1128,16330,Solo,2024-10-01
Jagung,1217,11733,Semarang,2024-10-01
Jagung,1079,15412,Padang,2024-10-01
Gandum,1280,17186,Lampung,2024-10-01
Kentang,1326,11943,Aceh,2024-10-01
Ubi Jalar,1156,8985,Pekanbaru,2024-10-01
Padi,822,12841,Lombok,2024-10-01
Ubi Jalar,995,11646,Jambi,2024-10-01
Kopi,764,38405,Yogyakarta,2024-10-01
Padi,1321,13318,Batam,2024-10-01
Tebu,1250,5591,Jambi,2024-10-01
Ubi Jalar,1025,11113,Pontianak,2024-10-01
Gandum,1169,16640,Serang,2024-10-01
Tebu,1168,8885,Jakarta,2024-10-01
Jagung,1493,12279,Cirebon,2024-10-01
Jagung,1188,15569,Tasikmalaya,2024-10-01
Padi,1245,9786,Serang,2024-10-01
Ubi Jalar,1308,9133,Aceh,2024-10-01
Kacang Tanah,1019,14629,Madiun,2024-10-01
Padi,1190,13282,Solo,2024-10-01
Kopi,990,66984,Pontianak,2024-10-01
Kopi,1132,68283,Serang,2024-10-01
Kedelai,1102,14192,Batam,2024-10-01
Kedelai,903,13931,Lampung,2024-10-01
Kopi,1345,58534,Ambon,2024-10-01
Tebu,913,7072,Madiun,2024-10-01
Padi,1009,11635,Yogyakarta,2024-10-01
Tebu,750,5232,Lampung,2024-10-01
Padi,1384,9049,Jambi,2024-10-01
Padi,1068,12659,Tasikmalaya,2024-10-01
Tebu,758,6153,Semarang,2024-10-01
Ubi Jalar,1461,9977,Tasikmalaya,2024-10-01
Padi,744,12378,Bengkulu,2024-10-01
Tebu,713,6768,Denpasar,2024-10-01
Padi,928,13674,Pontianak,2024-10-01
Tebu,1232,6142,Batam,2024-10-01
Tebu,971,7492,Jakarta,2024-10-01
Kacang Tanah,940,15202,Makassar,2024-10-01
Gandum,706,15850,Batam,2024-10-01
Kacang Tanah,1001,19036,Pontianak,2024-10-01
Kentang,926,11457,Surabaya,2024-10-01
Jagung,856,11943,Bali,2024-10-01
Kedelai,1375,16887,Tasikmalaya,2024-10-01
Kopi,773,44611,Jambi,2024-10-01
Jagung,1188,13687,Jayapura,2024-10-01
Padi,928,12641,Serang,2024-10-01
Kacang Tanah,1007,16896,Pontianak,2024-10-01
Kopi,1413,39558,Bogor,2024-10-01
Kacang Tanah,892,15417,Yogyakarta,2024-10-01
Kedelai,1226,16273,Tangerang,2024-11-01
Ubi Jalar,1496,9153,Batam,2024-11-01
Ubi Jalar,1290,10487,Ambon,2024-11-01
Jagung,1102,13970,Surabaya,2024-11-01
Gandum,811,18184,Bogor,2024-11-01
Gandum,782,19749,Semarang,2024-11-01
Gandum,833,17784,Semarang,2024-11-01
Kedelai,1029,14487,Tasikmalaya,2024-11-01
Ubi Jalar,1428,8662,Bengkulu,2024-11-01
Kacang Tanah,1163,19062,Tasikmalaya,2024-11-01
Ubi Jalar,962,12349,Samarinda,2024-11-01
Gandum,975,15048,Balikpapan,2024-11-01
Gandum,1248,15549,Cirebon,2024-11-01
Jagung,1484,15938,Tangerang,2024-11-01
Gandum,762,18244,Madiun,2024-11-01
Ubi Jalar,918,12627,Pontianak,2024-11-01
Ubi Jalar,1481,10928,Makassar,2024-11-01
Kacang Tanah,1252,20247,Pekanbaru,2024-11-01
Jagung,1256,11098,Tangerang,2024-11-01
Kentang,1186,15832,Tangerang,2024-11-01
Kedelai,1246,16301,Palangkaraya,2024-11-01
Kopi,1496,65606,Serang,2024-11-01
Jagung,1147,11543,Lombok,2024-11-01
Tebu,1338,6045,Aceh,2024-11-01
Gandum,1401,17462,Bogor,2024-11-01
Ubi Jalar,928,9100,Jakarta,2024-11-01
Kentang,925,11819,Surabaya,2024-11-01
Gandum,706,17438,Palangkaraya,2024-11-01
Kopi,1297,38874,Lampung,2024-11-01
Kedelai,755,16418,Bali,2024-11-01
Padi,1163,12515,Makassar,2024-11-01
Ubi Jalar,768,11510,Solo,2024-11-01
Gandum,1009,16622,Balikpapan,2024-11-01
Jagung,1232,14833,Surabaya,2024-11-01
Kentang,708,14995,Denpasar,2024-11-01
Padi,756,9312,Makassar,2024-11-01
Kopi,834,36317,Lombok,2024-11-01
Gandum,1296,16425,Medan,2024-11-01
Kopi,1437,60677,Tangerang,2024-11-01
Kacang Tanah,1471,19522,Cirebon,2024-11-01
Ubi Jalar,1383,12592,Lampung,2024-11-01
Kentang,977,17151,Lampung,2024-11-01
Padi,1002,10076,Lombok,2024-11-01
Kacang Tanah,1345,18078,Palembang,2024-11-01
Tebu,1264,7432,Bandung,2024-11-01
Tebu,876,5069,Tangerang,2024-11-01
Kopi,1401,47100,Balikpapan,2024-11-01
Padi,1234,13274,Manado,2024-11-01
Kopi,1017,49138,Solo,2024-11-01
Jagung,807,13646,Makassar,2024-11-01
Tebu,1193,7499,Medan,2024-11-01
Kopi,769,69875,Aceh,2024-11-01
Kedelai,1059,13470,Palangkaraya,2024-11-01
Ubi Jalar,1234,9267,Serang,2024-11-01
Kentang,1120,12601,Denpasar,2024-11-01
Padi,865,12996,Denpasar,2024-11-01
Kacang Tanah,1166,16141,Pekanbaru,2024-11-01
Gandum,825,16761,Bengkulu,2024-11-01
Kentang,1194,16642,Jakarta,2024-11-01
Padi,1040,10497,Aceh,2024-11-01
Gandum,1435,18249,Tasikmalaya,2024-11-01
Tebu,1050,7522,Serang,2024-11-01
Kopi,1150,48119,Pekanbaru,2024-11-01
Tebu,1048,6869,Madiun,2024-11-01
Kacang Tanah,1068,17628,Samarinda,2024-11-01
Ubi Jalar,1211,12464,Kupang,2024-11-01
Kacang Tanah,792,18794,Bengkulu,2024-11-01
Padi,1234,13458,Lampung,2024-11-01
Padi,1294,11725,Aceh,2024-11-01
Tebu,1069,5357,Solo,2024-11-01
Kopi,1202,47132,Pekanbaru,2024-11-01
Padi,786,13829,Surabaya,2024-11-01
Kopi,1342,38185,Aceh,2024-11-01
Gandum,1060,16611,Serang,2024-11-01
Kedelai,821,16434,Palembang,2024-11-01
Gandum,1428,18039,Lampung,2024-11-01
Tebu,780,8047,Aceh,2024-11-01
Ubi Jalar,921,12418,Palembang,2024-11-01
Jagung,1094,12155,Madiun,2024-11-01
Kacang Tanah,1292,17258,Pontianak,2024-11-01
Tebu,846,6310,Cirebon,2024-11-01
Jagung,1447,12856,Madiun,2024-11-01
Padi,1258,12393,Jakarta,2024-11-01
Padi,1295,10502,Palangkaraya,2024-11-01
Tebu,1097,5210,Aceh,2024-11-01
Tebu,1365,7120,Madiun,2024-11-01
Padi,1346,9086,Cirebon,2024-11-01
Kentang,910,16074,Lampung,2024-11-01
Kentang,1271,11676,Samarinda,2024-11-01
Tebu,1129,8695,Jakarta,2024-11-01
Gandum,1275,17934,Serang,2024-11-01
Ubi Jalar,1066,9148,Palembang,2024-11-01
Ubi Jalar,958,10688,Pekanbaru,2024-11-01
Kedelai,1396,17626,Pekanbaru,2024-11-01
Gandum,1032,19449,Bandung,2024-11-01
Ubi Jalar,1161,8856,Madiun,2024-11-01
Kacang Tanah,1285,19745,Samarinda,2024-11-01
Kacang Tanah,1217,15812,Surabaya,2024-11-01
Kedelai,942,12980,Malang,2024-11-01
Gandum,723,15242,Aceh,2024-11-01
Kedelai,1218,17583,Manado,2024-12-01
Ubi Jalar,1336,12824,Ambon,2024-12-01
Kopi,876,42151,Padang,2024-12-01
Ubi Jalar,915,8646,Bali,2024-12-01
Kacang Tanah,1108,20398,Bengkulu,2024-12-01
Tebu,1439,8393,Tangerang,2024-12-01
Padi,1331,11456,Manado,2024-12-01
Kacang Tanah,1012,20821,Medan,2024-12-01
Padi,827,13480,Ambon,2024-12-01
Kopi,1438,53087,Bogor,2024-12-01
Gandum,1389,19240,Medan,2024-12-01
Kentang,936,11942,Madiun,2024-12-01
Kopi,976,42268,Samarinda,2024-12-01
Kopi,1119,48952,Bengkulu,2024-12-01
Kopi,1124,43596,Palembang,2024-12-01
Jagung,890,13958,Yogyakarta,2024-12-01
Jagung,1056,14745,Lombok,2024-12-01
Padi,1163,9811,Batam,2024-12-01
Ubi Jalar,903,12994,Manado,2024-12-01
Kedelai,1041,15594,Solo,2024-12-01
Jagung,1231,13355,Semarang,2024-12-01
Gandum,1051,15918,Bengkulu,2024-12-01
Kopi,843,30309,Makassar,2024-12-01
Jagung,789,11648,Palangkaraya,2024-12-01
Ubi Jalar,1005,11972,Madiun,2024-12-01
Kacang Tanah,922,14842,Batam,2024-12-01
Kopi,1033,53189,Bandung,2024-12-01
Tebu,1291,5363,Manado,2024-12-01
Kopi,1143,44334,Jakarta,2024-12-01
Padi,751,10045,Medan,2024-12-01
Kopi,1253,34791,Manado,2024-12-01
Tebu,1211,5954,Batam,2024-12-01
Padi,1021,12828,Surabaya,2024-12-01
Kedelai,1142,12511,Bengkulu,2024-12-01
Kentang,860,14874,Jakarta,2024-12-01
Ubi Jalar,1117,12193,Jakarta,2024-12-01
Padi,736,13245,Lombok,2024-12-01
Kentang,1185,10533,Kupang,2024-12-01
Kacang Tanah,1000,14562,Bogor,2024-12-01
Kacang Tanah,766,14234,Padang,2024-12-01
Gandum,1089,19545,Bali,2024-12-01
Kopi,776,46228,Jambi,2024-12-01
Kedelai,796,12575,Serang,2024-12-01
Kentang,1287,10056,Bengkulu,2024-12-01
Gandum,940,16894,Madiun,2024-12-01
Ubi Jalar,1084,8745,Makassar,2024-12-01
Kopi,885,59191,Lampung,2024-12-01
Padi,779,11255,Pekanbaru,2024-12-01
Padi,1400,9095,Jakarta,2024-12-01
Gandum,751,19555,Serang,2024-12-01
Padi,854,10047,Cirebon,2024-12-01
Kedelai,1307,14021,Tangerang,2024-12-01
Kentang,870,14151,Palembang,2024-12-01
Kopi,932,55958,Pekanbaru,2024-12-01
Kentang,713,17782,Lombok,2024-12-01
Kopi,1427,57684,Medan,2024-12-01
Kentang,1056,12752,Kupang,2024-12-01
Kentang,1492,15379,Pontianak,2024-12-01
Ubi Jalar,1007,8821,Aceh,2024-12-01
Ubi Jalar,894,11147,Lampung,2024-12-01
Tebu,1296,8717,Bengkulu,2024-12-01
Kacang Tanah,963,20143,Cirebon,2024-12-01
Kacang Tanah,946,14203,Semarang,2024-12-01
Kedelai,1324,12475,Balikpapan,2024-12-01
Kacang Tanah,790,17821,Aceh,2024-12-01
Padi,1311,13075,Makassar,2024-12-01
Kacang Tanah,1062,14615,Semarang,2024-12-01
Gandum,869,18264,Kupang,2024-12-01
Kacang Tanah,724,18366,Malang,2024-12-01
Tebu,1243,7200,Yogyakarta,2024-12-01
Tebu,768,6790,Medan,2024-12-01
Kacang Tanah,998,17280,Palembang,2024-12-01
Padi,1489,13259,Manado,2024-12-01
Tebu,744,8367,Bengkulu,2024-12-01
Kopi,1420,41777,Jakarta,2024-12-01
Kedelai,716,16769,Bandung,2024-12-01
Kopi,1499,58188,Solo,2024-12-01
Kentang,807,13292,Palembang,2024-12-01
Ubi Jalar,958,9512,Bengkulu,2024-12-01
Kentang,1049,16145,Ambon,2024-12-01
Kedelai,745,17454,Bengkulu,2024-12-01
Kopi,1027,30641,Makassar,2024-12-01
Kentang,1397,15644,Jayapura,2024-12-01
Jagung,740,14709,Jambi,2024-12-01
Gandum,1285,16420,Palangkaraya,2024-12-01
Jagung,1379,11162,Bogor,2024-12-01
Tebu,1481,5134,Malang,2024-12-01
Gandum,837,18955,Bogor,2024-12-01
Kopi,1378,60869,Madiun,2024-12-01
Kedelai,1388,12746,Jambi,2024-12-01
Jagung,1226,14281,Solo,2024-12-01
Kacang Tanah,744,18914,Yogyakarta,2024-12-01
Gandum,1135,18738,Samarinda,2024-12-01
Kedelai,813,17035,Madiun,2024-12-01
Kacang Tanah,748,16102,Pontianak,2024-12-01
Ubi Jalar,1313,8257,Kupang,2024-12-01
Tebu,1373,7422,Tasikmalaya,2024-12-01
Kacang Tanah,1123,21293,Tangerang,2024-12-01
Kopi,787,57980,Bogor,2024-12-01
Padi,1078,11120,Bali,2024-12-01
Cabai Merah,1,21777.78,Surakarta,2023-01-6
Cabai Merah,1,31777.78,Surakarta,2023-01-12
Cabai Merah,1,31000,Surakarta,2023-01-18
Cabai Merah,1,30444.44,Surakarta,2023-01-24
Cabai Merah,1,24777.78,Surakarta,2023-02-6
Cabai Merah,1,28888.89,Surakarta,2023-02-12
Cabai Merah,1,30111.11,Surakarta,2023-02-18
Cabai Merah,1,36888.89,Surakarta,2023-02-24
Cabai Merah,1,25111.11,Surakarta,2023-03-6
Cabai Merah,1,29444.44,Surakarta,2023-03-12
Cabai Merah,1,32111.11,Surakarta,2023-03-18
Cabai Merah,1,35000,Surakarta,2023-03-24
Cabai Merah,1,31333.33,Surakarta,2023-03-30
Cabai Merah,1,23777.78,Surakarta,2023-04-6
Cabai Merah,1,28222.22,Surakarta,2023-04-12
Cabai Merah,1,40444.44,Surakarta,2023-04-18
Cabai Merah,1,31000,Surakarta,2023-04-24
Cabai Merah,1,25555.56,Surakarta,2023-05-6
Cabai Merah,1,28222.22,Surakarta,2023-05-12
Cabai Merah,1,33888.89,Surakarta,2023-05-18
Cabai Merah,1,32111.11,Surakarta,2023-05-24
Cabai Merah,1,28444.44,Surakarta,2023-06-6
Cabai Merah,1,27000,Surakarta,2023-06-12
Cabai Merah,1,27444.44,Surakarta,2023-06-18
Cabai Merah,1,26000,Surakarta,2023-06-24
Cabai Merah,1,34666.67,Surakarta,2023-06-30
Cabai Merah,1,34111.11,Surakarta,2023-07-6
Cabai Merah,1,33000,Surakarta,2023-07-12
Cabai Merah,1,29555.56,Surakarta,2023-07-18
Cabai Merah,1,27444.44,Surakarta,2023-07-24
Cabai Merah,1,28333.33,Surakarta,2023-08-6
Cabai Merah,1,29666.67,Surakarta,2023-08-12
Cabai Merah,1,31888.89,Surakarta,2023-08-18
Cabai Merah,1,36444.44,Surakarta,2023-08-24
Cabai Merah,1,39000,Surakarta,2023-08-30
Cabai Merah,1,33555.56,Surakarta,2023-09-6
Cabai Merah,1,27111.11,Surakarta,2023-09-12
Cabai Merah,1,25777.78,Surakarta,2023-09-18
Cabai Merah,1,28500,Surakarta,2023-09-24
Cabai Merah,1,32937.5,Surakarta,2023-10-6
Cabai Merah,1,33562.5,Surakarta,2023-10-12
Cabai Merah,1,34125,Surakarta,2023-10-18
Cabai Merah,1,33750,Surakarta,2023-10-24
Cabai Merah,1,38750,Surakarta,2023-11-6
Cabai Merah,1,59625,Surakarta,2023-11-12
Cabai Merah,1,61625,Surakarta,2023-11-18
Cabai Merah,1,65125,Surakarta,2023-11-24
Cabai Merah,1,61875,Surakarta,2023-11-30
Cabai Merah,1,68444.44,Surakarta,2023-12-6
Cabai Merah,1,70000,Surakarta,2023-12-12
Cabai Merah,1,47000,Surakarta,2023-12-18
Cabai Merah,1,52444.44,Surakarta,2023-12-24